-- DCIM test data for local development (Physical/inventory + Logical designs).
-- Mirrors the retired dcim-frontend mocks at prototype scale so every
-- mock->API conversion can be exercised end to end.
--
-- ID convention: 019dc<TT>0-0000-7000-8000-0000000000NN, where <TT> identifies
-- the table (10=site, 20=room, 30=row, 40=rack, 50=catalog, 6x=port def,
-- 70=port compat, 80=asset, 90=asset event, a0=placement, b0=physical conn,
-- c0=note, d0=design, d1=logical device, d2=logical conn, d3=layout).

-- ── Sites ───────────────────────────────────────────────────────────────────
-- Only name + address are persisted; the proto's tier/status/city/etc. are not
-- stored, so they stay at their defaults in the UI.
INSERT INTO dcim.sites (id, name, address) VALUES
    ('019dc100-0000-7000-8000-000000000001', 'AMS-01', 'Westlandgracht 40, 1060 AD Amsterdam'),
    ('019dc100-0000-7000-8000-000000000002', 'AMS-02', 'Computerweg 14, 1105 BG Amsterdam'),
    ('019dc100-0000-7000-8000-000000000003', 'FRA-01', 'Hanauer Landstrasse 298, 60314 Frankfurt');

-- ── Rooms ───────────────────────────────────────────────────────────────────
INSERT INTO dcim.rooms (id, site_id, name, floor) VALUES
    ('019dc200-0000-7000-8000-000000000001', '019dc100-0000-7000-8000-000000000001', 'Hall A', '1'),
    ('019dc200-0000-7000-8000-000000000002', '019dc100-0000-7000-8000-000000000002', 'Hall A', '1'),
    ('019dc200-0000-7000-8000-000000000003', '019dc100-0000-7000-8000-000000000003', 'Hall A', '1');

-- ── Rack rows ───────────────────────────────────────────────────────────────
INSERT INTO dcim.rack_rows (id, room_id, name, position_x, position_y) VALUES
    ('019dc300-0000-7000-8000-000000000001', '019dc200-0000-7000-8000-000000000001', 'A', 0, 0),
    ('019dc300-0000-7000-8000-000000000002', '019dc200-0000-7000-8000-000000000001', 'B', 0, 1),
    ('019dc300-0000-7000-8000-000000000003', '019dc200-0000-7000-8000-000000000002', 'A', 0, 0),
    ('019dc300-0000-7000-8000-000000000004', '019dc200-0000-7000-8000-000000000003', 'A', 0, 0);

-- ── Racks ───────────────────────────────────────────────────────────────────
INSERT INTO dcim.racks (id, rack_row_id, name, total_units, position_in_row) VALUES
    ('019dc400-0000-7000-8000-000000000001', '019dc300-0000-7000-8000-000000000001', 'AMS-01-R01', 42, 1),
    ('019dc400-0000-7000-8000-000000000002', '019dc300-0000-7000-8000-000000000001', 'AMS-01-R02', 42, 2),
    ('019dc400-0000-7000-8000-000000000003', '019dc300-0000-7000-8000-000000000002', 'AMS-01-R03', 42, 1),
    ('019dc400-0000-7000-8000-000000000004', '019dc300-0000-7000-8000-000000000003', 'AMS-02-R01', 42, 1),
    ('019dc400-0000-7000-8000-000000000005', '019dc300-0000-7000-8000-000000000004', 'FRA-01-R01', 42, 1);

-- ── Device catalogs ─────────────────────────────────────────────────────────
INSERT INTO dcim.device_catalogs (id, manufacturer, model, part_number, category, rack_units, power_draw_w, specs) VALUES
    ('019dc500-0000-7000-8000-000000000001', 'Dell',         'PowerEdge R750',    'R750-2024',  'server',       2, 350, '{"rack_height": "2"}'),
    ('019dc500-0000-7000-8000-000000000002', 'Cisco',        'Catalyst 9300-48P', 'C9300-48P',  'switch',       1, 120, '{"rack_height": "1"}'),
    ('019dc500-0000-7000-8000-000000000003', 'Juniper',      'EX4300-48T',        'EX4300-48T', 'switch',       1,  90, '{"rack_height": "1"}'),
    ('019dc500-0000-7000-8000-000000000004', 'Panduit',      'DP24688WH',         'DP24688WH',  'patch_panel',  1,   0, '{"rack_height": "1"}'),
    ('019dc500-0000-7000-8000-000000000005', 'APC',          'AP8858',            'AP8858',     'pdu',          1,   0, '{"rack_height": "1"}'),
    ('019dc500-0000-7000-8000-000000000006', 'HP',           'ProLiant DL380 Gen10', 'DL380G10', 'server',     2, 320, '{"rack_height": "2"}'),
    ('019dc500-0000-7000-8000-000000000007', 'Lenovo',       'ThinkSystem SR650', 'SR650',      'server',       2, 280, '{"rack_height": "2"}'),
    ('019dc500-0000-7000-8000-000000000008', 'Cisco',        'SFP-10G-SR',        'SFP-10G-SR', 'sfp',       NULL,   1, NULL);

-- ── Port definitions ────────────────────────────────────────────────────────
-- Dell R750 (catalog 01)
INSERT INTO dcim.port_definitions (id, device_catalog_id, name, port_type, direction, ordinal) VALUES
    ('019dc601-0000-7000-8000-000000000001', '019dc500-0000-7000-8000-000000000001', 'eth0',  'network',  'bidir', 1),
    ('019dc601-0000-7000-8000-000000000002', '019dc500-0000-7000-8000-000000000001', 'eth1',  'network',  'bidir', 2),
    ('019dc601-0000-7000-8000-000000000003', '019dc500-0000-7000-8000-000000000001', 'eth2',  'network',  'bidir', 3),
    ('019dc601-0000-7000-8000-000000000004', '019dc500-0000-7000-8000-000000000001', 'eth3',  'network',  'bidir', 4),
    ('019dc601-0000-7000-8000-000000000005', '019dc500-0000-7000-8000-000000000001', 'PSU-A', 'power_in', 'in',    5),
    ('019dc601-0000-7000-8000-000000000006', '019dc500-0000-7000-8000-000000000001', 'PSU-B', 'power_in', 'in',    6),
    ('019dc601-0000-7000-8000-000000000007', '019dc500-0000-7000-8000-000000000001', 'iDRAC', 'console',  'in',    7);
-- Cisco Catalyst 9300 (catalog 02)
INSERT INTO dcim.port_definitions (id, device_catalog_id, name, port_type, direction, ordinal) VALUES
    ('019dc602-0000-7000-8000-000000000001', '019dc500-0000-7000-8000-000000000002', 'Gi0/1',   'network', 'bidir', 1),
    ('019dc602-0000-7000-8000-000000000002', '019dc500-0000-7000-8000-000000000002', 'Gi0/2',   'network', 'bidir', 2),
    ('019dc602-0000-7000-8000-000000000003', '019dc500-0000-7000-8000-000000000002', 'Gi0/3',   'network', 'bidir', 3),
    ('019dc602-0000-7000-8000-000000000004', '019dc500-0000-7000-8000-000000000002', 'Gi0/4',   'network', 'bidir', 4),
    ('019dc602-0000-7000-8000-000000000005', '019dc500-0000-7000-8000-000000000002', 'Gi0/5',   'network', 'bidir', 5),
    ('019dc602-0000-7000-8000-000000000006', '019dc500-0000-7000-8000-000000000002', 'Gi0/6',   'network', 'bidir', 6),
    ('019dc602-0000-7000-8000-000000000007', '019dc500-0000-7000-8000-000000000002', 'Gi0/7',   'network', 'bidir', 7),
    ('019dc602-0000-7000-8000-000000000008', '019dc500-0000-7000-8000-000000000002', 'Gi0/8',   'network', 'bidir', 8),
    ('019dc602-0000-7000-8000-000000000009', '019dc500-0000-7000-8000-000000000002', 'Console', 'console', 'in',    9);
-- Juniper EX4300 (catalog 03)
INSERT INTO dcim.port_definitions (id, device_catalog_id, name, port_type, direction, ordinal) VALUES
    ('019dc603-0000-7000-8000-000000000001', '019dc500-0000-7000-8000-000000000003', 'ge-0/0/1', 'network', 'bidir', 1),
    ('019dc603-0000-7000-8000-000000000002', '019dc500-0000-7000-8000-000000000003', 'ge-0/0/2', 'network', 'bidir', 2),
    ('019dc603-0000-7000-8000-000000000003', '019dc500-0000-7000-8000-000000000003', 'ge-0/0/3', 'network', 'bidir', 3),
    ('019dc603-0000-7000-8000-000000000004', '019dc500-0000-7000-8000-000000000003', 'ge-0/0/4', 'network', 'bidir', 4),
    ('019dc603-0000-7000-8000-000000000005', '019dc500-0000-7000-8000-000000000003', 'Console',  'console', 'in',    5);
-- Panduit patch panel (catalog 04)
INSERT INTO dcim.port_definitions (id, device_catalog_id, name, port_type, direction, ordinal) VALUES
    ('019dc604-0000-7000-8000-000000000001', '019dc500-0000-7000-8000-000000000004', 'Port 1', 'network', 'bidir', 1),
    ('019dc604-0000-7000-8000-000000000002', '019dc500-0000-7000-8000-000000000004', 'Port 2', 'network', 'bidir', 2),
    ('019dc604-0000-7000-8000-000000000003', '019dc500-0000-7000-8000-000000000004', 'Port 3', 'network', 'bidir', 3),
    ('019dc604-0000-7000-8000-000000000004', '019dc500-0000-7000-8000-000000000004', 'Port 4', 'network', 'bidir', 4),
    ('019dc604-0000-7000-8000-000000000005', '019dc500-0000-7000-8000-000000000004', 'Port 5', 'network', 'bidir', 5),
    ('019dc604-0000-7000-8000-000000000006', '019dc500-0000-7000-8000-000000000004', 'Port 6', 'network', 'bidir', 6),
    ('019dc604-0000-7000-8000-000000000007', '019dc500-0000-7000-8000-000000000004', 'Port 7', 'network', 'bidir', 7),
    ('019dc604-0000-7000-8000-000000000008', '019dc500-0000-7000-8000-000000000004', 'Port 8', 'network', 'bidir', 8);
-- APC PDU (catalog 05)
INSERT INTO dcim.port_definitions (id, device_catalog_id, name, port_type, direction, ordinal) VALUES
    ('019dc605-0000-7000-8000-000000000001', '019dc500-0000-7000-8000-000000000005', 'Outlet 1', 'power_out', 'out', 1),
    ('019dc605-0000-7000-8000-000000000002', '019dc500-0000-7000-8000-000000000005', 'Outlet 2', 'power_out', 'out', 2),
    ('019dc605-0000-7000-8000-000000000003', '019dc500-0000-7000-8000-000000000005', 'Outlet 3', 'power_out', 'out', 3),
    ('019dc605-0000-7000-8000-000000000004', '019dc500-0000-7000-8000-000000000005', 'Outlet 4', 'power_out', 'out', 4),
    ('019dc605-0000-7000-8000-000000000005', '019dc500-0000-7000-8000-000000000005', 'Outlet 5', 'power_out', 'out', 5),
    ('019dc605-0000-7000-8000-000000000006', '019dc500-0000-7000-8000-000000000005', 'Outlet 6', 'power_out', 'out', 6),
    ('019dc605-0000-7000-8000-000000000007', '019dc500-0000-7000-8000-000000000005', 'Outlet 7', 'power_out', 'out', 7),
    ('019dc605-0000-7000-8000-000000000008', '019dc500-0000-7000-8000-000000000005', 'Outlet 8', 'power_out', 'out', 8);
-- HP ProLiant DL380 (catalog 06)
INSERT INTO dcim.port_definitions (id, device_catalog_id, name, port_type, direction, ordinal) VALUES
    ('019dc606-0000-7000-8000-000000000001', '019dc500-0000-7000-8000-000000000006', 'eth0',  'network',  'bidir', 1),
    ('019dc606-0000-7000-8000-000000000002', '019dc500-0000-7000-8000-000000000006', 'eth1',  'network',  'bidir', 2),
    ('019dc606-0000-7000-8000-000000000003', '019dc500-0000-7000-8000-000000000006', 'PSU-A', 'power_in', 'in',    3),
    ('019dc606-0000-7000-8000-000000000004', '019dc500-0000-7000-8000-000000000006', 'PSU-B', 'power_in', 'in',    4);
-- Lenovo ThinkSystem (catalog 07)
INSERT INTO dcim.port_definitions (id, device_catalog_id, name, port_type, direction, ordinal) VALUES
    ('019dc607-0000-7000-8000-000000000001', '019dc500-0000-7000-8000-000000000007', 'eth0',  'network',  'bidir', 1),
    ('019dc607-0000-7000-8000-000000000002', '019dc500-0000-7000-8000-000000000007', 'eth1',  'network',  'bidir', 2),
    ('019dc607-0000-7000-8000-000000000003', '019dc500-0000-7000-8000-000000000007', 'PSU-A', 'power_in', 'in',    3),
    ('019dc607-0000-7000-8000-000000000004', '019dc500-0000-7000-8000-000000000007', 'PSU-B', 'power_in', 'in',    4);

-- ── Port compatibilities ────────────────────────────────────────────────────
INSERT INTO dcim.port_compatibilities (id, port_definition_id, compatible_category, compatible_catalog_id) VALUES
    ('019dc700-0000-7000-8000-000000000001', '019dc602-0000-7000-8000-000000000001', 'sfp',    '019dc500-0000-7000-8000-000000000008'),
    ('019dc700-0000-7000-8000-000000000002', '019dc601-0000-7000-8000-000000000001', 'switch', NULL),
    ('019dc700-0000-7000-8000-000000000003', '019dc605-0000-7000-8000-000000000001', 'server', NULL);

-- ── Assets ──────────────────────────────────────────────────────────────────
INSERT INTO dcim.assets (id, device_catalog_id, serial_number, asset_tag, status, notes) VALUES
    ('019dc800-0000-7000-8000-000000000001', '019dc500-0000-7000-8000-000000000001', 'DLLR750-0001', 'SRV-001', 'deployed', 'Primary compute node for team-alpha. RAM upgraded to 256 GB in Q1 2025.'),
    ('019dc800-0000-7000-8000-000000000002', '019dc500-0000-7000-8000-000000000002', 'CSCO9300-0001', 'SW-001',  'deployed', NULL),
    ('019dc800-0000-7000-8000-000000000003', '019dc500-0000-7000-8000-000000000004', 'PAN-0001',     'PP-001',   'deployed', NULL),
    ('019dc800-0000-7000-8000-000000000004', '019dc500-0000-7000-8000-000000000005', 'APC-0001',     'PDU-001',  'deployed', NULL),
    ('019dc800-0000-7000-8000-000000000005', '019dc500-0000-7000-8000-000000000006', 'HP380-0001',   'SRV-002',  'deployed', 'Secondary compute node. Firmware updated to latest.'),
    ('019dc800-0000-7000-8000-000000000006', '019dc500-0000-7000-8000-000000000001', 'DLLR750-0002', 'SRV-003',  'deployed', NULL),
    ('019dc800-0000-7000-8000-000000000007', '019dc500-0000-7000-8000-000000000007', 'LEN650-0001',  'SRV-004',  'reserved', NULL),
    ('019dc800-0000-7000-8000-000000000008', '019dc500-0000-7000-8000-000000000003', 'JNPR4300-0001', 'SW-002',  'deployed', NULL),
    ('019dc800-0000-7000-8000-000000000009', '019dc500-0000-7000-8000-000000000001', 'DLLR750-0003', 'SRV-005',  'deployed', NULL),
    ('019dc800-0000-7000-8000-00000000000a', '019dc500-0000-7000-8000-000000000005', 'APC-0002',     'PDU-002',  'deployed', NULL),
    ('019dc800-0000-7000-8000-00000000000b', '019dc500-0000-7000-8000-000000000002', 'CSCO9300-0002', 'SW-003',  'deployed', NULL),
    ('019dc800-0000-7000-8000-00000000000c', '019dc500-0000-7000-8000-000000000006', 'HP380-0002',   'SRV-006',  'deployed', NULL),
    ('019dc800-0000-7000-8000-00000000000d', '019dc500-0000-7000-8000-000000000007', 'LEN650-0002',  'SRV-007',  'in_stock', 'Spare, awaiting deployment.'),
    ('019dc800-0000-7000-8000-00000000000e', '019dc500-0000-7000-8000-000000000008', 'SFP-0001',     'SFP-001',  'in_stock', NULL);

-- ── Asset events (history) ──────────────────────────────────────────────────
INSERT INTO dcim.asset_events (id, asset_id, event_type, details, performed_by, created) VALUES
    ('019dc900-0000-7000-8000-000000000001', '019dc800-0000-7000-8000-000000000001', 'received', 'Received from supplier and logged into inventory.', 'Sara Muller',  '2024-02-01 09:00:00+00'),
    ('019dc900-0000-7000-8000-000000000002', '019dc800-0000-7000-8000-000000000001', 'deployed', 'Racked in AMS-01-R01 at U37.',                       'Alex van Dijk', '2024-03-10 11:30:00+00'),
    ('019dc900-0000-7000-8000-000000000003', '019dc800-0000-7000-8000-000000000001', 'note',     'RAM upgraded to 256 GB.',                            'Alex van Dijk', '2025-09-15 14:00:00+00'),
    ('019dc900-0000-7000-8000-000000000004', '019dc800-0000-7000-8000-000000000002', 'received', 'Received from supplier.',                            'Sara Muller',  '2024-01-15 09:00:00+00'),
    ('019dc900-0000-7000-8000-000000000005', '019dc800-0000-7000-8000-000000000002', 'deployed', 'Installed as top-of-rack switch in AMS-01-R01.',     'Tom de Graaf',  '2024-02-20 10:15:00+00'),
    ('019dc900-0000-7000-8000-000000000006', '019dc800-0000-7000-8000-000000000006', 'received', 'Received from supplier.',                            'Sara Muller',  '2024-05-01 09:00:00+00'),
    ('019dc900-0000-7000-8000-000000000007', '019dc800-0000-7000-8000-000000000006', 'deployed', 'Racked in AMS-01-R01 at U34.',                       'Alex van Dijk', '2024-06-01 12:00:00+00'),
    ('019dc900-0000-7000-8000-000000000008', '019dc800-0000-7000-8000-000000000006', 'moved',    'Reassigned from team-beta to team-alpha.',           'Tom de Graaf',  '2025-11-20 16:45:00+00');

-- ── Logical designs ─────────────────────────────────────────────────────────
INSERT INTO dcim.logical_designs (id, name, version, description, status) VALUES
    ('019dcd00-0000-7000-8000-000000000001', 'Spine-Leaf Pod', 1, 'Reference spine-leaf compute pod.', 'active'),
    ('019dcd00-0000-7000-8000-000000000002', 'Edge Rack',      1, 'Edge firewall + compute rack.',     'draft'),
    ('019dcd00-0000-7000-8000-000000000003', 'Legacy Core',    1, 'Decommissioned legacy core design.', 'archived');

INSERT INTO dcim.logical_devices (id, logical_design_id, label, role, device_catalog_id) VALUES
    ('019dcd10-0000-7000-8000-000000000001', '019dcd00-0000-7000-8000-000000000001', 'spine-1',      'spine',    '019dc500-0000-7000-8000-000000000002'),
    ('019dcd10-0000-7000-8000-000000000002', '019dcd00-0000-7000-8000-000000000001', 'leaf-1',       'tor',      '019dc500-0000-7000-8000-000000000002'),
    ('019dcd10-0000-7000-8000-000000000003', '019dcd00-0000-7000-8000-000000000001', 'compute-1',    'compute',  '019dc500-0000-7000-8000-000000000001'),
    ('019dcd10-0000-7000-8000-000000000004', '019dcd00-0000-7000-8000-000000000002', 'edge-fw',      'firewall', NULL),
    ('019dcd10-0000-7000-8000-000000000005', '019dcd00-0000-7000-8000-000000000002', 'edge-compute', 'compute',  '019dc500-0000-7000-8000-000000000001');

INSERT INTO dcim.logical_connections (id, logical_design_id, a_logical_device_id, b_logical_device_id, connection_type, label) VALUES
    ('019dcd20-0000-7000-8000-000000000001', '019dcd00-0000-7000-8000-000000000001', '019dcd10-0000-7000-8000-000000000001', '019dcd10-0000-7000-8000-000000000002', 'network', 'spine-leaf uplink'),
    ('019dcd20-0000-7000-8000-000000000002', '019dcd00-0000-7000-8000-000000000001', '019dcd10-0000-7000-8000-000000000002', '019dcd10-0000-7000-8000-000000000003', 'network', 'leaf-host'),
    ('019dcd20-0000-7000-8000-000000000003', '019dcd00-0000-7000-8000-000000000002', '019dcd10-0000-7000-8000-000000000004', '019dcd10-0000-7000-8000-000000000005', 'network', 'fw-host');

INSERT INTO dcim.logical_device_layouts (id, logical_device_id, position_x, position_y) VALUES
    ('019dcd30-0000-7000-8000-000000000001', '019dcd10-0000-7000-8000-000000000001', 200, 100),
    ('019dcd30-0000-7000-8000-000000000002', '019dcd10-0000-7000-8000-000000000002', 200, 280),
    ('019dcd30-0000-7000-8000-000000000003', '019dcd10-0000-7000-8000-000000000003', 420, 280),
    ('019dcd30-0000-7000-8000-000000000004', '019dcd10-0000-7000-8000-000000000004', 200, 100),
    ('019dcd30-0000-7000-8000-000000000005', '019dcd10-0000-7000-8000-000000000005', 200, 280);

-- ── Placements (rack-based) ─────────────────────────────────────────────────
INSERT INTO dcim.placements (id, asset_id, rack_id, start_unit, slot_type) VALUES
    -- AMS-01-R01
    ('019dca00-0000-7000-8000-000000000001', '019dc800-0000-7000-8000-000000000002', '019dc400-0000-7000-8000-000000000001', 41, 'unit'),
    ('019dca00-0000-7000-8000-000000000002', '019dc800-0000-7000-8000-000000000003', '019dc400-0000-7000-8000-000000000001', 40, 'unit'),
    ('019dca00-0000-7000-8000-000000000003', '019dc800-0000-7000-8000-000000000001', '019dc400-0000-7000-8000-000000000001', 37, 'unit'),
    ('019dca00-0000-7000-8000-000000000004', '019dc800-0000-7000-8000-000000000006', '019dc400-0000-7000-8000-000000000001', 34, 'unit'),
    ('019dca00-0000-7000-8000-000000000005', '019dc800-0000-7000-8000-000000000004', '019dc400-0000-7000-8000-000000000001',  3, 'unit'),
    -- AMS-01-R02
    ('019dca00-0000-7000-8000-000000000006', '019dc800-0000-7000-8000-000000000005', '019dc400-0000-7000-8000-000000000002', 39, 'unit'),
    ('019dca00-0000-7000-8000-000000000007', '019dc800-0000-7000-8000-000000000007', '019dc400-0000-7000-8000-000000000002', 37, 'unit'),
    -- AMS-02-R01
    ('019dca00-0000-7000-8000-000000000008', '019dc800-0000-7000-8000-000000000008', '019dc400-0000-7000-8000-000000000004', 42, 'unit'),
    ('019dca00-0000-7000-8000-000000000009', '019dc800-0000-7000-8000-000000000009', '019dc400-0000-7000-8000-000000000004', 39, 'unit'),
    ('019dca00-0000-7000-8000-00000000000a', '019dc800-0000-7000-8000-00000000000a', '019dc400-0000-7000-8000-000000000004',  3, 'unit'),
    -- FRA-01-R01
    ('019dca00-0000-7000-8000-00000000000b', '019dc800-0000-7000-8000-00000000000b', '019dc400-0000-7000-8000-000000000005', 42, 'unit'),
    ('019dca00-0000-7000-8000-00000000000c', '019dc800-0000-7000-8000-00000000000c', '019dc400-0000-7000-8000-000000000005', 39, 'unit');

-- ── Physical connections (cables) ───────────────────────────────────────────
-- a-side placement + port def  <->  b-side placement + port def.
INSERT INTO dcim.physical_connections
    (id, a_placement_id, a_port_definition_id, b_placement_id, b_port_definition_id, cable_type, status, color, label) VALUES
    -- SRV-001 eth0/eth1 -> SW-001 Gi0/1, Gi0/2
    ('019dcb00-0000-7000-8000-000000000001', '019dca00-0000-7000-8000-000000000003', '019dc601-0000-7000-8000-000000000001', '019dca00-0000-7000-8000-000000000001', '019dc602-0000-7000-8000-000000000001', 'cat6',  'connected', 'blue',      'SRV-001 -> SW-001 p1'),
    ('019dcb00-0000-7000-8000-000000000002', '019dca00-0000-7000-8000-000000000003', '019dc601-0000-7000-8000-000000000002', '019dca00-0000-7000-8000-000000000001', '019dc602-0000-7000-8000-000000000002', 'cat6',  'connected', 'blue',      'SRV-001 -> SW-001 p2'),
    -- SRV-001 PSU-A -> PDU-001 Outlet 1
    ('019dcb00-0000-7000-8000-000000000003', '019dca00-0000-7000-8000-000000000003', '019dc601-0000-7000-8000-000000000005', '019dca00-0000-7000-8000-000000000005', '019dc605-0000-7000-8000-000000000001', 'power', 'connected', 'dark_grey', 'SRV-001 PSU-A'),
    -- SRV-003 eth0 -> SW-001 Gi0/3, PSU-A -> PDU-001 Outlet 2
    ('019dcb00-0000-7000-8000-000000000004', '019dca00-0000-7000-8000-000000000004', '019dc601-0000-7000-8000-000000000001', '019dca00-0000-7000-8000-000000000001', '019dc602-0000-7000-8000-000000000003', 'cat6a', 'connected', 'green',     'SRV-003 -> SW-001 p3'),
    ('019dcb00-0000-7000-8000-000000000005', '019dca00-0000-7000-8000-000000000004', '019dc601-0000-7000-8000-000000000005', '019dca00-0000-7000-8000-000000000005', '019dc605-0000-7000-8000-000000000002', 'power', 'connected', 'dark_grey', 'SRV-003 PSU-A'),
    -- SRV-002 eth0 -> SW-001 Gi0/4 (planned, for the shopping list)
    ('019dcb00-0000-7000-8000-000000000006', '019dca00-0000-7000-8000-000000000006', '019dc606-0000-7000-8000-000000000001', '019dca00-0000-7000-8000-000000000001', '019dc602-0000-7000-8000-000000000004', 'cat6',  'planned',   'yellow',    'SRV-002 uplink (planned)'),
    -- AMS-02: SRV-005 eth0 -> SW-002 ge-0/0/1
    ('019dcb00-0000-7000-8000-000000000007', '019dca00-0000-7000-8000-000000000009', '019dc601-0000-7000-8000-000000000001', '019dca00-0000-7000-8000-000000000008', '019dc603-0000-7000-8000-000000000001', 'cat6',  'connected', 'teal',      'SRV-005 -> SW-002');

-- ── Notes ───────────────────────────────────────────────────────────────────
-- Asset-scoped notes.
INSERT INTO dcim.notes (id, body, created_by, asset_id) VALUES
    ('019dcc00-0000-7000-8000-000000000001', 'Upgraded RAM to 256 GB during Q1 2025 maintenance window.', 'Alex van Dijk', '019dc800-0000-7000-8000-000000000001'),
    ('019dcc00-0000-7000-8000-000000000002', 'Scheduled for firmware update next cycle.',                 'Sara Muller',   '019dc800-0000-7000-8000-000000000005');
-- Placement-scoped notes (device-detail comment thread).
INSERT INTO dcim.notes (id, body, created_by, placement_id) VALUES
    ('019dcc00-0000-7000-8000-000000000003', 'Thermal paste reapplied on CPU0 during last check.',        'Tom de Graaf',  '019dca00-0000-7000-8000-000000000003'),
    ('019dcc00-0000-7000-8000-000000000004', 'Moved from team-beta to team-alpha allocation.',            'Alex van Dijk', '019dca00-0000-7000-8000-000000000004');

-- NOTE: task-management seed (dcim.users + dcim.tasks/task_steps + task notes)
-- lives in 028_0101-content.sql, because dcim.users is created by migration 028
-- and testdata at the 026 checkpoint runs before that migration.

